chemScale,inhib,fOffset,threshold,score,total,contrast,rest30,touch-head_drive,touch-tail_drive,nose-touch_drive,noxious_drive
2.1,16,0.7,0.3,12,12,0.4895,0,-0.1907,0.2988,-0.1171,-0.0203
2.1,16,0.7,0.25,12,12,0.4760,0,-0.2857,0.1903,-0.1342,-0.0380
2.1,16,0.6,0.35,12,12,0.4668,0,-0.1234,0.3434,-0.1375,-0.0098
2.4,16,0.7,0.35,12,12,0.4066,0,-0.0784,0.3283,-0.1010,-0.0610
1.8,14,0.6,0.3,12,12,0.3959,0,-0.1387,0.2572,-0.1980,-0.0242
1.8,14,0.7,0.25,12,12,0.3902,0,-0.1699,0.2204,-0.1447,-0.0279
2.4,16,0.6,0.4,12,12,0.3768,0,-0.0173,0.3595,-0.1257,-0.0218
2.4,16,0.6,0.35,12,12,0.3747,0,-0.1265,0.2482,-0.1704,-0.1210
2.4,16,0.5,0.4,12,12,0.3686,0,-0.0750,0.2936,-0.1951,-0.0541
2.1,14,0.7,0.35,12,12,0.3667,0,-0.0142,0.3525,-0.1121,-0.0349
2.1,16,0.7,0.35,12,12,0.3654,0,-0.0130,0.3524,-0.1208,-0.0042
2.4,16,0.7,0.3,12,12,0.3585,0,-0.1643,0.1942,-0.1145,-0.1921
2.1,14,0.6,0.35,12,12,0.3449,0,-0.0701,0.2748,-0.1792,-0.0752
2.1,14,0.7,0.3,12,12,0.3398,0,-0.1142,0.2255,-0.1319,-0.1107
1.8,14,0.7,0.3,12,12,0.3336,0,-0.0153,0.3183,-0.1831,-0.0107
1.8,16,0.6,0.3,12,12,0.3235,0,-0.0203,0.3032,-0.1787,-0.0069
2.1,14,0.7,0.25,12,12,0.3156,0,-0.1569,0.1587,-0.1570,-0.1975
2.1,14,0.5,0.4,12,12,0.3146,0,-0.0218,0.2928,-0.2172,-0.0470
1.8,12,0.7,0.3,12,12,0.3024,0,-0.0392,0.2633,-0.1798,-0.0855
1.8,16,0.7,0.25,12,12,0.3005,0,-0.0232,0.2773,-0.1695,-0.0098
1.8,16,0.5,0.35,12,12,0.2991,0,-0.0121,0.2871,-0.1628,-0.0036
1.8,12,0.6,0.35,12,12,0.2891,0,-0.0007,0.2884,-0.2202,-0.0570
1.8,12,0.6,0.3,12,12,0.2732,0,-0.0748,0.1984,-0.2411,-0.1041
1.8,12,0.7,0.25,12,12,0.2708,0,-0.0948,0.1759,-0.1995,-0.1286
1.5,10,0.6,0.3,12,12,0.2330,0,-0.0075,0.2255,-0.3407,-0.0870
1.5,10,0.7,0.25,12,12,0.2233,0,-0.0187,0.2046,-0.2723,-0.1039
1.5,12,0.7,0.2,12,12,0.2177,0,-0.0382,0.1795,-0.2465,-0.0329
1.5,10,0.7,0.2,12,12,0.1842,0,-0.0349,0.1493,-0.2817,-0.1422
2.4,14,0.7,0.3,12,12,0.1826,0,-0.0073,0.1752,-0.2960,-0.2189
2.1,16,0.5,0.4,10,12,0.3572,0,-0.0432,0.3139,-0.1794,-0.0000
1.8,16,0.7,0.3,9,12,0.2824,0,0.0186,0.3009,-0.1505,-0.0030
1.8,14,0.6,0.35,9,12,0.2790,0,0.0074,0.2865,-0.1967,-0.0044
2.4,14,0.7,0.4,9,12,0.2745,0,0.0785,0.3530,-0.1194,-0.1675
2.4,14,0.6,0.4,9,12,0.2574,0,0.0389,0.2963,-0.2475,-0.1871
2.1,14,0.6,0.4,9,12,0.2507,0,0.0414,0.2921,-0.1578,-0.0115
1.5,12,0.7,0.25,9,12,0.2419,0,0.0134,0.2554,-0.2518,-0.0107
1.5,12,0.6,0.3,9,12,0.2414,0,0.0153,0.2567,-0.2547,-0.0061
2.1,12,0.7,0.35,9,12,0.2411,0,0.0444,0.2855,-0.1955,-0.2370
2.4,14,0.7,0.35,9,12,0.2389,0,0.0097,0.2486,-0.1818,-0.2303
2.1,12,0.6,0.4,9,12,0.2260,0,0.0735,0.2996,-0.2658,-0.1795
1.5,14,0.6,0.25,9,12,0.2237,0,0.0130,0.2367,-0.1990,-0.0052
1.5,10,0.5,0.35,9,12,0.2216,0,0.0087,0.2303,-0.3551,-0.0657
1.5,10,0.7,0.3,9,12,0.2208,0,0.0351,0.2559,-0.3023,-0.0413
1.5,14,0.7,0.25,9,12,0.2171,0,0.0348,0.2520,-0.1789,-0.0017
1.8,12,0.5,0.4,9,12,0.2156,0,0.0351,0.2506,-0.2827,-0.0328
1.8,10,0.7,0.35,9,12,0.2113,0,0.0848,0.2962,-0.2530,-0.1866
1.8,12,0.7,0.35,9,12,0.2069,0,0.0454,0.2524,-0.2030,-0.0210
1.5,14,0.7,0.2,9,12,0.2056,0,0.0150,0.2206,-0.2135,-0.0076
1.5,12,0.5,0.35,9,12,0.2007,0,0.0232,0.2239,-0.2575,-0.0034
2.4,14,0.5,0.4,9,12,0.1989,0,0.0171,0.2161,-0.3456,-0.1441
2.1,16,0.6,0.4,9,12,0.1952,0,0.0368,0.2320,-0.1489,-0.0011
1.8,16,0.6,0.35,9,12,0.1891,0,0.0377,0.2268,-0.1440,-0.0010
2.4,14,0.6,0.35,9,12,0.1884,0,0.0022,0.1906,-0.3679,-0.1394
2.1,12,0.5,0.4,9,12,0.1821,0,0.0451,0.2273,-0.3553,-0.1933
1.2,8,0.6,0.25,9,12,0.1788,0,0.0093,0.1882,-0.4370,-0.0858
1.2,10,0.7,0.2,9,12,0.1767,0,0.0405,0.2173,-0.2975,-0.0032
1.5,14,0.6,0.3,9,12,0.1746,0,0.0411,0.2157,-0.1618,-0.0008
2.1,12,0.6,0.35,9,12,0.1720,0,0.0345,0.2065,-0.3697,-0.2093
1.2,10,0.6,0.25,9,12,0.1714,0,0.0378,0.2091,-0.2944,-0.0040
2.4,12,0.7,0.4,9,12,0.1711,0,0.1432,0.3143,-0.3622,-0.1912
1.8,14,0.5,0.4,9,12,0.1686,0,0.0368,0.2053,-0.2049,-0.0012
1.2,8,0.7,0.2,9,12,0.1676,0,0.0134,0.1810,-0.4356,-0.0921
1.8,10,0.6,0.35,9,12,0.1660,0,0.0630,0.2290,-0.3905,-0.2399
1.8,10,0.5,0.4,9,12,0.1634,0,0.0728,0.2362,-0.3947,-0.1950
2.1,12,0.7,0.3,9,12,0.1583,0,0.0266,0.1849,-0.3029,-0.2754
1.5,8,0.7,0.3,9,12,0.1551,0,0.0846,0.2397,-0.4379,-0.2608
1.2,10,0.5,0.3,9,12,0.1543,0,0.0366,0.1910,-0.2767,-0.0051
1.2,8,0.7,0.25,9,12,0.1537,0,0.0540,0.2076,-0.3952,-0.0398
1.8,10,0.7,0.3,9,12,0.1457,0,0.0573,0.2030,-0.3443,-0.2771
1.5,8,0.6,0.35,9,12,0.1446,0,0.0928,0.2375,-0.4607,-0.2020
1.5,16,0.7,0.25,9,12,0.1441,0,0.0488,0.1929,-0.1330,-0.0003
2.1,12,0.7,0.25,9,12,0.1422,0,0.0467,0.1889,-0.4040,-0.2732
1.5,10,0.6,0.35,9,12,0.1352,0,0.0589,0.1941,-0.3287,-0.0218
1.5,12,0.4,0.4,9,12,0.1349,0,0.0367,0.1716,-0.2415,-0.0032
1.5,12,0.7,0.3,9,12,0.1332,0,0.0581,0.1913,-0.2013,-0.0001
1.2,12,0.7,0.2,9,12,0.1233,0,0.0579,0.1812,-0.1832,-0.0014
1.8,14,0.7,0.35,9,12,0.1194,0,0.0602,0.1796,-0.1674,-0.0019
1.5,14,0.5,0.35,9,12,0.1169,0,0.0512,0.1682,-0.1475,-0.0012
1.2,8,0.6,0.3,9,12,0.1146,0,0.0621,0.1766,-0.3817,-0.0303
2.1,10,0.7,0.4,9,12,0.1141,0,0.1636,0.2777,-0.4167,-0.2076
2.4,12,0.6,0.4,9,12,0.1065,0,0.1303,0.2369,-0.5933,-0.1720
1.5,8,0.5,0.35,9,12,0.1054,0,0.0780,0.1834,-0.5000,-0.2391
2.1,10,0.6,0.4,9,12,0.1031,0,0.1464,0.2495,-0.5985,-0.2042
1.2,12,0.6,0.25,9,12,0.1022,0,0.0602,0.1624,-0.1672,-0.0005
1.8,10,0.6,0.3,9,12,0.1020,0,0.0683,0.1703,-0.4880,-0.2332
2.1,12,0.7,0.4,9,12,0.1005,0,0.1191,0.2195,-0.1661,-0.0568
1.8,10,0.7,0.25,9,12,0.0986,0,0.0773,0.1759,-0.4592,-0.3033
1.8,10,0.6,0.4,9,12,0.0966,0,0.1094,0.2060,-0.3451,-0.0990
1.5,8,0.6,0.3,9,12,0.0935,0,0.0837,0.1772,-0.5195,-0.2606
1.8,8,0.7,0.35,9,12,0.0921,0,0.1626,0.2547,-0.6507,-0.2134
1.8,16,0.5,0.4,9,12,0.0907,0,0.0591,0.1498,-0.1335,-0.0010
2.4,12,0.7,0.35,9,12,0.0881,0,0.1331,0.2211,-0.6140,-0.1485
2.1,10,0.7,0.35,9,12,0.0859,0,0.1494,0.2353,-0.6335,-0.1864
1.8,8,0.6,0.4,9,12,0.0816,0,0.1597,0.2413,-0.6123,-0.2163
1.5,8,0.7,0.25,9,12,0.0811,0,0.0913,0.1724,-0.5230,-0.2905
2.1,14,0.7,0.4,9,12,0.0796,0,0.0773,0.1568,-0.1618,-0.0017
1.5,8,0.5,0.4,9,12,0.0792,0,0.1015,0.1807,-0.4614,-0.1374
2.4,12,0.7,0.3,9,12,0.0763,0,0.1610,0.2373,-0.7879,-0.1185
1.2,10,0.7,0.25,9,12,0.0720,0,0.0755,0.1475,-0.2171,-0.0009
1.2,8,0.5,0.35,9,12,0.0655,0,0.0734,0.1389,-0.3523,-0.0220
1.8,12,0.6,0.4,9,12,0.0654,0,0.0799,0.1453,-0.2401,-0.0090
2.4,12,0.6,0.35,9,12,0.0617,0,0.1470,0.2087,-0.7336,-0.1376
1.5,14,0.4,0.4,9,12,0.0594,0,0.0630,0.1223,-0.1382,-0.0006
1.5,12,0.6,0.35,9,12,0.0587,0,0.0755,0.1342,-0.1939,-0.0009
2.1,8,0.7,0.4,9,12,0.0569,0,0.2089,0.2658,-0.6590,-0.0775
1.5,14,0.7,0.3,9,12,0.0568,0,0.0755,0.1323,-0.1525,-0.0026
2.4,10,0.7,0.4,9,12,0.0527,0,0.2080,0.2607,-0.6960,-0.0831
1.8,16,0.7,0.35,9,12,0.0526,0,0.0752,0.1278,-0.1463,-0.0030
2.1,10,0.7,0.3,9,12,0.0513,0,0.1747,0.2260,-0.7637,-0.1516
1.5,10,0.5,0.4,9,12,0.0462,0,0.0811,0.1273,-0.3135,-0.0115
2.1,10,0.5,0.4,9,12,0.0459,0,0.1438,0.1897,-0.6274,-0.1806
2.1,10,0.6,0.35,9,12,0.0445,0,0.1596,0.2041,-0.7112,-0.1674
1.8,8,0.5,0.4,9,12,0.0403,0,0.1527,0.1930,-0.6339,-0.2056
1.8,8,0.7,0.25,9,12,0.0378,0,0.2105,0.2482,-0.7851,-0.1161
1.2,10,0.6,0.3,9,12,0.0358,0,0.0834,0.1192,-0.2056,-0.0024
1.8,8,0.6,0.35,9,12,0.0355,0,0.1675,0.2030,-0.7007,-0.1926
1.8,8,0.7,0.3,9,12,0.0350,0,0.1811,0.2161,-0.7491,-0.1752
2.1,16,0.7,0.4,9,12,0.0340,0,0.0799,0.1139,-0.1585,-0.0051
1.5,8,0.7,0.35,9,12,0.0235,0,0.1093,0.1327,-0.4054,-0.0823
2.4,10,0.7,0.35,9,12,0.0224,0,0.2242,0.2466,-0.7771,-0.0412
1.2,8,0.4,0.4,9,12,0.0209,0,0.0814,0.1024,-0.3090,-0.0184
1.8,8,0.7,0.2,9,12,0.0185,0,0.2335,0.2519,-0.7678,-0.0619
2.4,10,0.6,0.4,9,12,0.0180,0,0.2087,0.2267,-0.7098,-0.0699
1.8,14,0.6,0.4,9,12,0.0164,0,0.0866,0.1030,-0.1684,-0.0020
2.4,10,0.6,0.35,9,12,0.0123,0,0.2296,0.2419,-0.5437,-0.0341
2.1,8,0.7,0.35,9,12,0.0110,0,0.2252,0.2363,-0.6820,-0.0441
2.1,8,0.6,0.4,9,12,0.0099,0,0.2099,0.2199,-0.5863,-0.0665
2.4,10,0.7,0.3,9,12,0.0075,0,0.2408,0.2484,-0.5633,-0.0226
1.2,12,0.7,0.25,9,12,0.0060,0,0.0928,0.0988,-0.1701,-0.0038
1.5,16,0.7,0.3,9,12,0.0032,0,0.0911,0.0944,-0.1452,-0.0035
2.4,8,0.7,0.4,9,12,0.0029,0,0.2126,0.2156,-0.3932,-0.0109
1.2,10,0.5,0.35,9,12,0.0022,0,0.0891,0.0913,-0.1891,-0.0039
1.5,14,0.6,0.35,9,12,0.0013,0,0.0917,0.0930,-0.1437,-0.0033
2.1,8,0.6,0.35,9,12,-0.0000,0,0.2276,0.2276,-0.4723,-0.0288
2.1,8,0.5,0.4,9,12,-0.0018,0,0.2120,0.2102,-0.4472,-0.0479
1.5,12,0.5,0.4,9,12,-0.0025,0,0.0904,0.0879,-0.1818,-0.0031
2.1,8,0.7,0.3,9,12,-0.0058,0,0.2363,0.2305,-0.4972,-0.0179
1.5,10,0.7,0.35,9,12,-0.0113,0,0.0990,0.0876,-0.2324,-0.0044
2.4,10,0.6,0.3,9,12,-0.0117,0,0.2443,0.2326,-0.5060,-0.0156
2.4,8,0.6,0.4,9,12,-0.0138,0,0.2064,0.1926,-0.3984,-0.0065
1.2,12,0.6,0.3,9,12,-0.0146,0,0.0936,0.0790,-0.1541,-0.0040
1.2,8,0.7,0.3,9,12,-0.0176,0,0.1004,0.0828,-0.2498,-0.0070
1.2,16,0.6,0.4,9,12,-0.0185,0,0.0210,0.0025,-0.0463,-0.0271
1.2,10,0.4,0.4,9,12,-0.0206,0,0.0872,0.0666,-0.1686,-0.0039
1.2,14,0.6,0.4,9,12,-0.0220,0,0.0257,0.0036,-0.0549,-0.0282
1.2,16,0.7,0.35,9,12,-0.0229,0,0.0275,0.0047,-0.0582,-0.0319
1.8,16,0.6,0.4,9,12,-0.0231,0,0.0985,0.0754,-0.1392,-0.0040
1.2,14,0.7,0.25,9,12,-0.0240,0,0.0919,0.0679,-0.1555,-0.0038
1.2,16,0.5,0.4,9,12,-0.0246,0,0.0325,0.0079,-0.0660,-0.0208
1.2,12,0.6,0.4,9,12,-0.0270,0,0.0319,0.0049,-0.0664,-0.0272
1.2,14,0.7,0.35,9,12,-0.0273,0,0.0338,0.0065,-0.0688,-0.0317
1.2,12,0.5,0.35,9,12,-0.0275,0,0.0876,0.0602,-0.1382,-0.0037
2.4,8,0.7,0.35,9,12,-0.0278,0,0.2123,0.1845,-0.4233,-0.0030
1.5,16,0.6,0.35,9,12,-0.0285,0,0.0952,0.0667,-0.1347,-0.0035
1.2,16,0.6,0.35,9,12,-0.0291,0,0.0414,0.0122,-0.0810,-0.0203
1.2,14,0.5,0.4,9,12,-0.0294,0,0.0402,0.0109,-0.0784,-0.0159
1.2,16,0.4,0.4,9,12,-0.0297,0,0.0469,0.0173,-0.0875,-0.0025
1.2,14,0.6,0.3,9,12,-0.0297,0,0.0831,0.0534,-0.1375,-0.0032
1.5,16,0.7,0.4,9,12,-0.0300,0,0.0360,0.0060,-0.0705,-0.0241
1.2,16,0.5,0.35,9,12,-0.0313,0,0.0570,0.0257,-0.1039,-0.0028
1.2,14,0.5,0.35,9,12,-0.0319,0,0.0714,0.0395,-0.1191,-0.0026
1.2,14,0.4,0.4,9,12,-0.0320,0,0.0589,0.0269,-0.1020,-0.0021
1.2,16,0.7,0.25,9,12,-0.0320,0,0.0780,0.0460,-0.1381,-0.0040
1.2,12,0.4,0.4,9,12,-0.0322,0,0.0757,0.0435,-0.1216,-0.0030
1.2,16,0.6,0.3,9,12,-0.0325,0,0.0678,0.0353,-0.1209,-0.0033
1.2,16,0.7,0.3,9,12,-0.0328,0,0.0511,0.0183,-0.0968,-0.0197
1.5,14,0.5,0.4,9,12,-0.0329,0,0.0941,0.0612,-0.1351,-0.0041
1.2,12,0.7,0.35,9,12,-0.0336,0,0.0430,0.0094,-0.0829,-0.0269
1.2,10,0.6,0.4,9,12,-0.0341,0,0.0409,0.0067,-0.0822,-0.0235
1.2,14,0.6,0.35,9,12,-0.0343,0,0.0520,0.0177,-0.0961,-0.0145
1.2,12,0.5,0.4,9,12,-0.0361,0,0.0529,0.0168,-0.0961,-0.0123
1.5,14,0.7,0.4,9,12,-0.0374,0,0.0458,0.0084,-0.0832,-0.0199
1.2,14,0.7,0.3,9,12,-0.0385,0,0.0650,0.0265,-0.1145,-0.0134
2.4,8,0.6,0.35,9,12,-0.0386,0,0.1969,0.1583,-0.4270,-0.0018
1.8,10,0.7,0.4,9,12,-0.0387,0,0.1184,0.0797,-0.2862,-0.0206
1.5,16,0.5,0.4,9,12,-0.0392,0,0.0828,0.0435,-0.1211,-0.0037
1.5,16,0.6,0.4,9,12,-0.0399,0,0.0589,0.0190,-0.1016,-0.0106
1.2,12,0.6,0.35,9,12,-0.0408,0,0.0676,0.0269,-0.1165,-0.0109
1.5,8,0.6,0.4,9,12,-0.0414,0,0.1124,0.0710,-0.3806,-0.0406
1.2,10,0.7,0.35,9,12,-0.0421,0,0.0555,0.0134,-0.1019,-0.0202
1.2,8,0.6,0.4,9,12,-0.0423,0,0.0527,0.0104,-0.1088,-0.0215
1.5,12,0.7,0.35,9,12,-0.0439,0,0.1056,0.0617,-0.1705,-0.0039
1.2,10,0.5,0.4,9,12,-0.0439,0,0.0691,0.0252,-0.1246,-0.0102
1.2,10,0.7,0.3,9,12,-0.0441,0,0.1000,0.0559,-0.1696,-0.0056
1.2,12,0.7,0.3,9,12,-0.0441,0,0.0829,0.0388,-0.1371,-0.0100
1.2,8,0.6,0.35,9,12,-0.0443,0,0.1016,0.0572,-0.2238,-0.0094
1.8,8,0.7,0.4,9,12,-0.0464,0,0.1634,0.1170,-0.4908,-0.1887
1.5,12,0.7,0.4,9,12,-0.0470,0,0.0585,0.0115,-0.1012,-0.0166
1.5,16,0.7,0.35,9,12,-0.0472,0,0.0800,0.0328,-0.1262,-0.0086
1.2,10,0.6,0.35,9,12,-0.0479,0,0.0868,0.0390,-0.1478,-0.0079
1.5,14,0.6,0.4,9,12,-0.0487,0,0.0751,0.0264,-0.1208,-0.0091
1.2,8,0.5,0.4,9,12,-0.0509,0,0.0886,0.0377,-0.1893,-0.0121
2.4,8,0.7,0.3,9,12,-0.0528,0,0.1889,0.1361,-0.4363,-0.0009
1.8,12,0.7,0.4,9,12,-0.0529,0,0.1102,0.0573,-0.1978,-0.0077
1.5,14,0.7,0.35,9,12,-0.0533,0,0.0980,0.0447,-0.1461,-0.0074
1.2,8,0.7,0.35,9,12,-0.0538,0,0.0735,0.0197,-0.1349,-0.0180
1.5,10,0.6,0.4,9,12,-0.0559,0,0.1052,0.0493,-0.2054,-0.0078
1.5,12,0.6,0.4,9,12,-0.0570,0,0.0930,0.0360,-0.1478,-0.0065
1.5,10,0.7,0.4,9,12,-0.0603,0,0.0762,0.0158,-0.1296,-0.0160
1.8,16,0.7,0.4,9,12,-0.0647,0,0.0978,0.0331,-0.1368,-0.0074
1.8,14,0.7,0.4,9,12,-0.0661,0,0.1091,0.0430,-0.1595,-0.0056
1.5,8,0.7,0.4,9,12,-0.0769,0,0.0982,0.0213,-0.1886,-0.0196
1.5,16,0.6,0.3,7,12,0.0958,0,0.0588,0.1545,-0.1150,-0.0000
2.4,16,0.7,0.4,6,12,0.2731,0,0.0482,0.3213,-0.1228,0.0137
1.5,16,0.7,0.2,6,12,0.2253,0,0.0259,0.2512,-0.1595,0.0000
1.5,16,0.6,0.25,6,12,0.2144,0,0.0270,0.2413,-0.1356,0.0000
1.2,12,0.5,0.3,6,12,0.0753,0,0.0638,0.1391,-0.1523,0.0000
1.2,16,0.6,0.2,6,12,0.0664,0,0.0584,0.1248,-0.1083,0.0000
1.2,14,0.7,0.2,6,12,0.0533,0,0.0750,0.1282,-0.1588,0.0000
1.5,16,0.5,0.35,6,12,0.0467,0,0.0713,0.1180,-0.1024,0.0000
1.2,14,0.6,0.25,6,12,0.0350,0,0.0778,0.1128,-0.1374,0.0000
1.2,14,0.5,0.3,6,12,0.0154,0,0.0791,0.0945,-0.1209,0.0000
1.5,16,0.4,0.4,6,12,0.0067,0,0.0794,0.0860,-0.0984,0.0000
1.2,16,0.7,0.2,6,12,0.0057,0,0.0848,0.0904,-0.1599,0.0000
1.2,16,0.6,0.25,6,12,-0.0036,0,0.0808,0.0773,-0.1408,0.0000
1.2,16,0.5,0.3,6,12,-0.0119,0,0.0743,0.0624,-0.1230,0.0000
1.2,16,0.7,0.4,6,12,-0.0146,0,0.0134,-0.0012,-0.0311,-0.0215
1.2,14,0.7,0.4,6,12,-0.0170,0,0.0160,-0.0010,-0.0362,-0.0236
1.2,16,0.4,0.35,6,12,-0.0198,0,0.0663,0.0465,-0.1088,0.0000
1.2,12,0.7,0.4,6,12,-0.0200,0,0.0193,-0.0008,-0.0426,-0.0260
1.2,10,0.7,0.4,6,12,-0.0237,0,0.0233,-0.0004,-0.0507,-0.0287
1.2,8,0.7,0.4,6,12,-0.0286,0,0.0286,-0.0000,-0.0628,-0.0311
2.1,16,0.4,0.3,12,12,0.5410,80,-0.3764,0.1646,-0.2019,-0.0546
2.1,16,0.3,0.35,12,12,0.5331,76,-0.3533,0.1798,-0.1886,-0.0578
2.1,16,0.5,0.2,12,12,0.5301,82,-0.4036,0.1265,-0.2494,-0.0801
2.1,16,0.5,0.25,12,12,0.5273,81,-0.3795,0.1477,-0.2047,-0.0554
2.1,16,0.4,0.35,12,12,0.5206,57,-0.3001,0.2205,-0.1813,-0.0381
2.1,16,0.5,0.3,12,12,0.5195,58,-0.3267,0.1928,-0.1745,-0.0399
1.8,16,0.3,0.3,12,12,0.5058,58,-0.3319,0.1740,-0.1436,-0.0026
2.1,16,0.6,0.2,12,12,0.5028,62,-0.3702,0.1326,-0.1970,-0.0655
2.1,16,0.6,0.25,12,12,0.4992,61,-0.3348,0.1645,-0.1659,-0.0427
2.1,16,0.6,0.3,12,12,0.4976,20,-0.2633,0.2343,-0.1384,-0.0323
2.1,16,0.5,0.35,12,12,0.4957,20,-0.2187,0.2770,-0.1674,-0.0265
2.1,16,0.3,0.4,12,12,0.4755,54,-0.2434,0.2320,-0.1916,-0.0382
2.1,16,0.7,0.2,12,12,0.4718,74,-0.3291,0.1426,-0.1662,-0.0736
1.8,16,0.5,0.25,12,12,0.4716,51,-0.2868,0.1848,-0.1543,-0.0118
1.8,14,0.4,0.25,12,12,0.4715,76,-0.3382,0.1333,-0.2421,-0.0674
1.8,16,0.4,0.3,12,12,0.4703,50,-0.2650,0.2053,-0.1777,-0.0114
1.8,14,0.5,0.2,12,12,0.4627,76,-0.3336,0.1291,-0.2465,-0.0669
1.8,14,0.3,0.3,12,12,0.4545,76,-0.3187,0.1357,-0.2258,-0.0613
1.8,16,0.6,0.2,12,12,0.4518,52,-0.2872,0.1646,-0.1510,-0.0104
1.8,14,0.5,0.25,12,12,0.4503,58,-0.2986,0.1517,-0.2101,-0.0697
1.8,14,0.4,0.3,12,12,0.4492,58,-0.2856,0.1636,-0.2105,-0.0542
1.8,14,0.6,0.2,12,12,0.4342,60,-0.2933,0.1409,-0.2059,-0.0710
2.1,16,0.4,0.4,12,12,0.4337,20,-0.1487,0.2850,-0.1922,-0.0214
2.4,16,0.4,0.3,12,12,0.4330,87,-0.2694,0.1636,-0.3832,-0.2704
1.8,16,0.3,0.35,12,12,0.4312,56,-0.2134,0.2177,-0.1561,-0.0062
1.8,14,0.5,0.3,12,12,0.4223,52,-0.2209,0.2014,-0.2027,-0.0465
1.8,14,0.6,0.25,12,12,0.4215,66,-0.2429,0.1786,-0.1814,-0.0437
1.8,14,0.3,0.35,12,12,0.4184,72,-0.2434,0.1750,-0.2219,-0.0545
2.4,16,0.5,0.25,12,12,0.4147,88,-0.2402,0.1746,-0.2421,-0.3017
1.8,14,0.7,0.2,12,12,0.4070,20,-0.2477,0.1592,-0.1683,-0.0402
1.8,16,0.5,0.3,12,12,0.4029,46,-0.1546,0.2483,-0.1931,-0.0091
2.4,16,0.6,0.2,12,12,0.4010,90,-0.2021,0.1990,-0.2253,-0.3138
1.8,14,0.4,0.35,12,12,0.3958,54,-0.1770,0.2188,-0.2328,-0.0475
2.4,16,0.4,0.35,12,12,0.3874,65,-0.2175,0.1698,-0.3134,-0.1988
1.8,16,0.4,0.35,12,12,0.3847,35,-0.1272,0.2575,-0.1686,-0.0051
2.4,16,0.5,0.3,12,12,0.3844,69,-0.2239,0.1605,-0.2974,-0.2426
2.4,16,0.6,0.25,12,12,0.3716,69,-0.2125,0.1591,-0.1570,-0.2695
2.4,16,0.5,0.35,12,12,0.3690,77,-0.1699,0.1991,-0.2527,-0.1745
1.8,16,0.6,0.25,12,12,0.3684,20,-0.1475,0.2209,-0.1854,-0.0124
1.8,14,0.5,0.35,12,12,0.3658,20,-0.0900,0.2758,-0.2286,-0.0175
2.4,16,0.3,0.4,12,12,0.3635,77,-0.1840,0.1795,-0.3052,-0.1267
2.4,16,0.6,0.3,12,12,0.3605,20,-0.1926,0.1679,-0.1883,-0.2181
2.4,16,0.7,0.2,12,12,0.3558,86,-0.1899,0.1659,-0.1996,-0.2859
2.4,16,0.4,0.4,12,12,0.3555,76,-0.1286,0.2269,-0.2683,-0.0772
2.1,14,0.5,0.2,12,12,0.3535,88,-0.1499,0.2037,-0.3050,-0.2174
2.4,16,0.7,0.25,12,12,0.3470,20,-0.1964,0.1506,-0.1309,-0.2449
2.1,14,0.5,0.25,12,12,0.3359,86,-0.1709,0.1650,-0.3025,-0.2513
2.1,14,0.4,0.3,12,12,0.3351,85,-0.1801,0.1551,-0.3624,-0.2097
1.8,14,0.3,0.4,12,12,0.3294,51,-0.1145,0.2148,-0.2584,-0.0442
2.1,14,0.6,0.2,12,12,0.3259,80,-0.1508,0.1751,-0.2030,-0.2771
1.5,12,0.4,0.2,12,12,0.3239,72,-0.2215,0.1024,-0.2957,-0.0719
2.1,14,0.6,0.3,12,12,0.3226,20,-0.1419,0.1807,-0.2188,-0.1582
1.8,16,0.3,0.4,12,12,0.3203,39,-0.0853,0.2350,-0.1627,-0.0009
2.1,14,0.5,0.35,12,12,0.3190,20,-0.1108,0.2082,-0.2580,-0.1013
2.1,14,0.5,0.3,12,12,0.3181,77,-0.1605,0.1576,-0.2947,-0.1895
2.1,14,0.6,0.25,12,12,0.3171,78,-0.1638,0.1533,-0.2115,-0.2250
2.1,14,0.3,0.35,12,12,0.3121,85,-0.1665,0.1456,-0.3577,-0.1490
1.5,12,0.5,0.2,12,12,0.3091,58,-0.1879,0.1212,-0.2593,-0.0671
2.1,14,0.7,0.2,12,12,0.3085,77,-0.1547,0.1538,-0.1742,-0.2500
1.5,12,0.4,0.25,12,12,0.3080,72,-0.1829,0.1252,-0.2642,-0.0641
2.1,14,0.4,0.35,12,12,0.3066,77,-0.1405,0.1662,-0.3322,-0.1332
1.8,16,0.7,0.2,12,12,0.3030,20,-0.1109,0.1922,-0.1234,-0.0143
2.1,14,0.4,0.4,12,12,0.2956,74,-0.0694,0.2262,-0.2703,-0.0716
1.8,14,0.4,0.4,12,12,0.2944,20,-0.0425,0.2518,-0.2457,-0.0117
1.5,12,0.3,0.3,12,12,0.2896,70,-0.1572,0.1324,-0.3032,-0.0563
1.5,12,0.5,0.25,12,12,0.2890,54,-0.1357,0.1533,-0.2633,-0.0563
1.5,12,0.4,0.3,12,12,0.2839,53,-0.1214,0.1625,-0.3148,-0.0543
1.5,12,0.6,0.2,12,12,0.2802,55,-0.1360,0.1442,-0.2361,-0.0524
1.5,12,0.5,0.3,12,12,0.2734,20,-0.0620,0.2114,-0.2985,-0.0325
2.1,14,0.3,0.4,12,12,0.2726,77,-0.1009,0.1717,-0.3045,-0.0779
1.8,12,0.5,0.35,12,12,0.2679,20,-0.0467,0.2212,-0.2943,-0.0818
1.5,12,0.3,0.35,12,12,0.2671,50,-0.1002,0.1668,-0.2926,-0.0481
1.5,12,0.4,0.35,12,12,0.2643,61,-0.0523,0.2119,-0.2857,-0.0287
1.5,12,0.6,0.25,12,12,0.2551,20,-0.0586,0.1965,-0.2833,-0.0342
1.5,14,0.4,0.25,12,12,0.2486,57,-0.0975,0.1511,-0.1953,-0.0037
1.8,12,0.6,0.25,12,12,0.2474,77,-0.0977,0.1497,-0.2707,-0.1575
1.8,12,0.4,0.4,12,12,0.2450,20,-0.0199,0.2251,-0.2881,-0.0608
1.8,12,0.5,0.3,12,12,0.2439,77,-0.0867,0.1572,-0.3353,-0.1236
1.8,12,0.7,0.2,12,12,0.2432,80,-0.0985,0.1446,-0.2154,-0.1845
1.8,12,0.5,0.2,12,12,0.2356,88,-0.0665,0.1691,-0.3623,-0.2281
1.8,12,0.5,0.25,12,12,0.2347,67,-0.0905,0.1442,-0.3377,-0.1781
1.8,12,0.6,0.2,12,12,0.2345,69,-0.0840,0.1505,-0.2722,-0.2108
1.8,12,0.4,0.25,12,12,0.2315,85,-0.0798,0.1517,-0.4088,-0.1784
1.8,12,0.4,0.35,12,12,0.2301,76,-0.0658,0.1643,-0.3388,-0.0935
1.5,12,0.3,0.4,12,12,0.2274,43,-0.0370,0.1904,-0.2605,-0.0219
1.5,14,0.5,0.2,12,12,0.2259,50,-0.0845,0.1414,-0.2306,-0.0071
1.8,12,0.4,0.3,12,12,0.2247,78,-0.0869,0.1378,-0.4008,-0.1351
1.5,14,0.4,0.3,12,12,0.2222,39,-0.0281,0.1941,-0.1830,-0.0018
1.8,12,0.3,0.4,12,12,0.2081,73,-0.0428,0.1654,-0.3114,-0.0762
1.8,12,0.3,0.35,12,12,0.2028,86,-0.0701,0.1327,-0.3731,-0.1015
1.5,14,0.5,0.25,12,12,0.2023,41,-0.0183,0.1840,-0.2051,-0.0062
1.2,10,0.3,0.3,12,12,0.2015,49,-0.0703,0.1311,-0.2920,-0.0422
1.5,10,0.5,0.3,12,12,0.1955,20,-0.0307,0.1648,-0.3719,-0.1008
1.2,10,0.3,0.25,12,12,0.1951,58,-0.0916,0.1035,-0.3329,-0.0446
1.5,10,0.4,0.35,12,12,0.1947,68,-0.0247,0.1700,-0.3533,-0.0830
1.5,10,0.6,0.25,12,12,0.1910,20,-0.0346,0.1565,-0.3483,-0.1199
1.2,10,0.4,0.25,12,12,0.1898,50,-0.0634,0.1264,-0.3299,-0.0497
1.2,10,0.4,0.3,12,12,0.1836,43,-0.0145,0.1690,-0.2970,-0.0273
1.5,10,0.3,0.4,12,12,0.1828,53,-0.0181,0.1647,-0.3323,-0.0688
1.2,10,0.3,0.35,12,12,0.1807,41,-0.0202,0.1604,-0.2675,-0.0163
1.2,10,0.4,0.2,12,12,0.1792,58,-0.0823,0.0969,-0.3777,-0.0505
1.5,14,0.6,0.2,12,12,0.1779,36,-0.0067,0.1712,-0.2277,-0.0094
1.2,10,0.5,0.2,12,12,0.1762,50,-0.0525,0.1237,-0.3718,-0.0531
1.2,10,0.5,0.25,12,12,0.1734,46,-0.0031,0.1702,-0.3272,-0.0317
1.5,10,0.3,0.35,12,12,0.1540,73,-0.0284,0.1257,-0.3810,-0.0945
1.5,10,0.4,0.3,12,12,0.1540,76,-0.0271,0.1268,-0.4073,-0.1081
1.5,10,0.5,0.25,12,12,0.1533,78,-0.0254,0.1279,-0.4291,-0.1231
1.5,10,0.6,0.2,12,12,0.1508,79,-0.0218,0.1290,-0.3487,-0.1439
1.2,8,0.3,0.35,12,12,0.1494,57,-0.0196,0.1297,-0.3907,-0.0934
1.2,8,0.4,0.3,12,12,0.1482,58,-0.0151,0.1331,-0.4174,-0.1019
1.2,8,0.5,0.25,12,12,0.1422,61,-0.0084,0.1338,-0.4370,-0.1142
1.2,8,0.6,0.2,12,12,0.1342,71,-0.0004,0.1337,-0.4501,-0.1250
1.5,10,0.4,0.25,12,12,0.1283,87,-0.0095,0.1188,-0.4737,-0.1266
1.5,10,0.3,0.3,12,12,0.1268,87,-0.0192,0.1076,-0.4407,-0.1061
1.2,8,0.3,0.3,12,12,0.1173,84,-0.0168,0.1006,-0.4420,-0.1110
1.2,8,0.4,0.25,12,12,0.1084,61,-0.0050,0.1034,-0.4671,-0.1236
2.1,16,0.4,0.25,11,12,0.5474,81,-0.4169,0.1305,-0.2598,0.0397
1.8,16,0.4,0.25,11,12,0.5201,59,-0.3596,0.1605,-0.1479,-0.0008
2.4,16,0.3,0.35,11,12,0.4265,86,-0.2704,0.1562,-0.3548,-0.1140
2.4,16,0.5,0.2,11,12,0.3941,90,-0.1820,0.2121,-0.4138,-0.1465
2.1,14,0.4,0.25,11,12,0.3388,88,-0.1641,0.1747,-0.3504,-0.1185
1.8,12,0.3,0.3,11,12,0.2094,85,-0.0775,0.1319,-0.3475,-0.0724
2.1,10,0.4,0.25,10,12,0.1772,144,-0.1470,0.0302,-0.3039,-0.2659
1.8,16,0.5,0.2,9,12,0.5077,60,-0.3608,0.1469,-0.1521,0.0000
1.5,14,0.4,0.2,9,12,0.3075,58,-0.1881,0.1194,-0.1745,0.0000
1.5,12,0.3,0.25,9,12,0.2575,72,-0.1017,0.1558,-0.1941,0.0736
1.5,14,0.3,0.3,9,12,0.2484,42,-0.0855,0.1628,-0.1603,0.0000
2.1,16,0.3,0.3,9,12,0.2389,80,-0.1305,0.1083,-0.1519,0.0653
1.8,16,0.4,0.4,9,12,0.2296,20,0.0025,0.2322,-0.1533,-0.0007
1.5,14,0.5,0.3,9,12,0.2282,20,0.0108,0.2391,-0.1785,-0.0021
1.5,14,0.3,0.35,9,12,0.2231,38,-0.0295,0.1936,-0.1693,0.0000
2.4,14,0.7,0.2,9,12,0.2194,87,0.0495,0.2689,-0.6297,-0.0812
2.4,14,0.6,0.25,9,12,0.2152,83,0.0332,0.2484,-0.5559,-0.0774
2.4,14,0.5,0.25,9,12,0.2151,98,0.0577,0.2728,-0.7301,-0.0847
2.4,14,0.4,0.3,9,12,0.2107,97,0.0406,0.2513,-0.7268,-0.0901
2.4,14,0.6,0.2,9,12,0.2078,102,0.0786,0.2864,-0.7008,-0.0795
2.4,14,0.5,0.3,9,12,0.1991,83,0.0213,0.2204,-0.5867,-0.0760
2.4,14,0.7,0.25,9,12,0.1961,20,0.0100,0.2061,-0.4021,-0.0882
2.4,14,0.3,0.35,9,12,0.1873,96,0.0328,0.2201,-0.5847,-0.1475
1.2,8,0.5,0.3,9,12,0.1805,20,0.0091,0.1897,-0.4233,-0.0754
2.4,14,0.6,0.3,9,12,0.1786,93,0.0042,0.1828,-0.4715,-0.0685
1.5,10,0.4,0.4,9,12,0.1784,20,0.0255,0.2039,-0.3489,-0.0446
2.4,14,0.4,0.35,9,12,0.1722,78,0.0157,0.1879,-0.5577,-0.0780
1.2,8,0.4,0.35,9,12,0.1668,20,0.0124,0.1792,-0.4002,-0.0617
2.4,14,0.5,0.35,9,12,0.1666,92,0.0055,0.1721,-0.4511,-0.0756
2.1,12,0.7,0.2,9,12,0.1604,88,0.0905,0.2509,-0.5081,-0.1719
1.2,10,0.6,0.2,9,12,0.1577,20,0.0098,0.1674,-0.3519,-0.0301
2.4,14,0.4,0.4,9,12,0.1557,89,0.0111,0.1668,-0.4066,-0.1031
2.1,12,0.6,0.25,9,12,0.1500,86,0.0774,0.2273,-0.5885,-0.1023
2.1,12,0.5,0.25,9,12,0.1480,88,0.1103,0.2582,-0.7008,-0.1117
2.1,12,0.6,0.2,9,12,0.1476,91,0.1262,0.2738,-0.6653,-0.1154
2.1,8,0.3,0.3,9,12,0.1458,165,-0.2002,-0.0544,-0.1842,-0.1338
2.4,14,0.3,0.4,9,12,0.1411,76,0.0162,0.1573,-0.4759,-0.0987
2.1,12,0.4,0.3,9,12,0.1402,98,0.0939,0.2341,-0.6481,-0.1133
1.2,8,0.3,0.4,9,12,0.1366,20,0.0178,0.1544,-0.3650,-0.0526
2.1,12,0.5,0.3,9,12,0.1332,81,0.0657,0.1989,-0.5670,-0.0983
2.1,12,0.6,0.3,9,12,0.1330,20,0.0409,0.1740,-0.4779,-0.1565
2.1,12,0.5,0.35,9,12,0.1298,20,0.0382,0.1681,-0.4509,-0.1427
2.1,12,0.4,0.4,9,12,0.1292,89,0.0356,0.1648,-0.4180,-0.1542
1.5,10,0.5,0.2,9,12,0.1287,86,0.0004,0.1290,-0.4536,-0.1454
1.2,10,0.4,0.35,9,12,0.1257,20,0.0380,0.1637,-0.2534,-0.0042
2.1,12,0.5,0.2,9,12,0.1240,102,0.1599,0.2840,-0.7398,-0.1141
2.1,12,0.3,0.35,9,12,0.1219,97,0.0766,0.1986,-0.5502,-0.1217
1.8,10,0.4,0.4,9,12,0.1156,20,0.0546,0.1701,-0.4339,-0.1945
1.5,10,0.4,0.2,9,12,0.1154,89,0.0217,0.1372,-0.4453,-0.1259
2.1,12,0.4,0.35,9,12,0.1146,77,0.0552,0.1698,-0.5305,-0.1119
1.8,10,0.5,0.35,9,12,0.1096,20,0.0609,0.1705,-0.4707,-0.2001
1.5,8,0.4,0.4,9,12,0.1071,20,0.0734,0.1805,-0.4634,-0.2021
1.8,10,0.7,0.2,9,12,0.1047,96,0.1192,0.2239,-0.5366,-0.3006
1.8,10,0.6,0.2,9,12,0.1042,82,0.1506,0.2549,-0.6820,-0.1419
1.8,10,0.5,0.25,9,12,0.1026,89,0.1327,0.2353,-0.6617,-0.1351
1.2,8,0.5,0.2,9,12,0.1007,63,0.0064,0.1071,-0.4813,-0.1350
2.1,12,0.3,0.4,9,12,0.0997,75,0.0431,0.1428,-0.4565,-0.1239
1.8,10,0.4,0.25,9,12,0.0988,110,0.1561,0.2549,-0.6618,-0.1423
1.8,10,0.4,0.3,9,12,0.0961,79,0.1115,0.2076,-0.6066,-0.1307
2.4,12,0.5,0.2,9,12,0.0953,137,-0.0186,0.0767,-0.3487,-0.2696
1.8,10,0.6,0.25,9,12,0.0945,96,0.1042,0.1987,-0.5878,-0.1732
1.8,10,0.5,0.2,9,12,0.0945,104,0.1759,0.2704,-0.7300,-0.1493
1.2,10,0.3,0.4,9,12,0.0893,20,0.0419,0.1312,-0.2251,-0.0020
1.8,10,0.5,0.3,9,12,0.0858,94,0.0880,0.1738,-0.5716,-0.1563
1.2,8,0.3,0.25,9,12,0.0840,87,0.0022,0.0862,-0.4975,-0.0877
1.8,10,0.3,0.35,9,12,0.0830,96,0.0875,0.1705,-0.5215,-0.1317
2.4,8,0.4,0.3,9,12,0.0829,173,-0.0381,0.0448,-0.3060,-0.0011
1.8,10,0.4,0.35,9,12,0.0807,92,0.0709,0.1516,-0.5207,-0.1550
1.2,8,0.4,0.2,9,12,0.0785,87,0.0196,0.0981,-0.5216,-0.1369
2.4,12,0.7,0.25,9,12,0.0783,114,0.1992,0.2774,-0.8426,-0.0939
1.5,8,0.3,0.3,9,12,0.0774,106,0.1267,0.2041,-0.4657,-0.1562
1.8,10,0.3,0.4,9,12,0.0772,90,0.0535,0.1307,-0.4521,-0.1447
1.5,8,0.4,0.25,9,12,0.0771,101,0.1534,0.2306,-0.6043,-0.1617
2.4,12,0.6,0.3,9,12,0.0756,112,0.1843,0.2599,-0.8038,-0.1187
1.5,8,0.5,0.2,9,12,0.0751,91,0.1742,0.2494,-0.7177,-0.1623
1.5,8,0.6,0.2,9,12,0.0721,81,0.1535,0.2256,-0.6884,-0.1745
1.5,8,0.5,0.25,9,12,0.0678,79,0.1358,0.2036,-0.6542,-0.1660
2.4,12,0.5,0.35,9,12,0.0657,110,0.1666,0.2322,-0.6911,-0.1306
1.5,8,0.3,0.4,9,12,0.0651,89,0.0632,0.1283,-0.4444,-0.1909
2.4,12,0.4,0.35,9,12,0.0632,104,0.1889,0.2521,-0.6107,-0.1438
2.4,12,0.3,0.4,9,12,0.0626,100,0.1601,0.2227,-0.4944,-0.1353
1.5,8,0.4,0.35,9,12,0.0615,91,0.0804,0.1419,-0.5184,-0.2018
1.5,8,0.4,0.3,9,12,0.0612,79,0.1145,0.1757,-0.5822,-0.1679
2.4,12,0.5,0.3,9,12,0.0607,106,0.2089,0.2696,-0.7124,-0.1281
1.5,8,0.7,0.2,9,12,0.0605,20,0.1272,0.1877,-0.6163,-0.2863
1.5,8,0.5,0.3,9,12,0.0584,93,0.0970,0.1553,-0.5746,-0.2005
2.4,12,0.5,0.4,9,12,0.0581,20,0.1322,0.1903,-0.6506,-0.1509
1.5,8,0.6,0.25,9,12,0.0576,20,0.1129,0.1705,-0.6074,-0.2173
2.4,12,0.6,0.25,9,12,0.0571,107,0.2227,0.2798,-0.8021,-0.0984
2.4,8,0.3,0.35,9,12,0.0570,172,-0.0015,0.0555,-0.1435,0.0072
2.1,10,0.7,0.25,9,12,0.0567,20,0.2083,0.2650,-0.8145,-0.1210
2.1,12,0.3,0.2,9,12,0.0562,113,-0.1284,-0.0722,-0.1973,-0.1411
2.1,10,0.6,0.3,9,12,0.0543,20,0.1930,0.2473,-0.7550,-0.1436
1.5,8,0.3,0.35,9,12,0.0527,78,0.0902,0.1428,-0.4711,-0.1621
2.4,12,0.4,0.4,9,12,0.0513,95,0.1453,0.1965,-0.5394,-0.1342
2.4,12,0.7,0.2,9,12,0.0510,109,0.2333,0.2843,-0.8719,-0.0657
2.1,10,0.5,0.3,9,12,0.0487,107,0.2110,0.2597,-0.6806,-0.1399
2.4,8,0.5,0.25,9,12,0.0477,134,0.0205,0.0682,-0.2660,-0.0002
2.1,10,0.4,0.35,9,12,0.0477,105,0.1930,0.2407,-0.6044,-0.1586
1.8,8,0.4,0.2,9,12,0.0472,152,-0.2656,-0.2183,-0.3293,-0.2149
2.1,10,0.5,0.35,9,12,0.0456,110,0.1745,0.2202,-0.6518,-0.1578
2.1,10,0.3,0.4,9,12,0.0454,101,0.1664,0.2118,-0.5307,-0.1601
2.4,12,0.4,0.3,9,12,0.0438,125,0.2280,0.2718,-0.6468,-0.1408
2.1,10,0.6,0.25,9,12,0.0437,109,0.2249,0.2686,-0.7673,-0.1110
2.4,12,0.3,0.35,9,12,0.0436,122,0.2052,0.2488,-0.5144,-0.1939
2.1,10,0.3,0.35,9,12,0.0409,133,0.2079,0.2488,-0.5527,-0.1774
2.4,12,0.5,0.25,9,12,0.0356,135,0.2431,0.2787,-0.7141,-0.0941
2.1,10,0.7,0.2,9,12,0.0356,112,0.2356,0.2712,-0.8322,-0.0816
1.8,8,0.6,0.3,9,12,0.0345,20,0.1968,0.2313,-0.7269,-0.1497
2.1,10,0.4,0.4,9,12,0.0343,106,0.1521,0.1864,-0.5512,-0.1616
2.1,10,0.4,0.3,9,12,0.0337,110,0.2297,0.2634,-0.5959,-0.1321
2.4,8,0.6,0.2,9,12,0.0308,136,0.0240,0.0548,-0.1993,-0.0001
1.8,8,0.4,0.35,9,12,0.0306,108,0.1943,0.2249,-0.5726,-0.1650
1.8,8,0.5,0.3,9,12,0.0299,109,0.2121,0.2419,-0.6029,-0.1205
2.4,12,0.6,0.2,9,12,0.0286,112,0.2528,0.2814,-0.8127,-0.0566
1.8,8,0.3,0.4,9,12,0.0280,105,0.1700,0.1980,-0.5317,-0.1951
2.1,10,0.5,0.25,9,12,0.0275,116,0.2409,0.2685,-0.6196,-0.0790
1.8,8,0.3,0.35,9,12,0.0268,112,0.2114,0.2382,-0.5475,-0.1499
1.8,8,0.5,0.35,9,12,0.0263,20,0.1797,0.2060,-0.6590,-0.1771
1.8,8,0.6,0.25,9,12,0.0256,114,0.2246,0.2502,-0.6377,-0.0874
1.8,8,0.4,0.3,9,12,0.0197,116,0.2270,0.2467,-0.5708,-0.1093
1.8,8,0.4,0.4,9,12,0.0177,72,0.1577,0.1754,-0.5900,-0.1924
2.1,10,0.6,0.2,9,12,0.0172,116,0.2490,0.2663,-0.6479,-0.0350
1.8,8,0.5,0.25,9,12,0.0101,117,0.2375,0.2476,-0.5844,-0.0818
2.4,10,0.5,0.4,9,12,0.0086,20,0.2123,0.2210,-0.5271,-0.0569
2.4,10,0.4,0.4,9,12,0.0035,118,0.2171,0.2206,-0.4792,-0.0414
2.4,8,0.6,0.25,9,12,0.0027,153,0.0774,0.0802,-0.3494,-0.0002
1.8,8,0.6,0.2,9,12,-0.0001,118,0.2439,0.2439,-0.5909,-0.0634
2.1,10,0.5,0.2,9,12,-0.0008,145,0.2637,0.2630,-0.5980,-0.0475
2.4,10,0.5,0.35,9,12,-0.0013,119,0.2342,0.2329,-0.4938,-0.0243
1.8,8,0.4,0.25,9,12,-0.0058,151,0.2522,0.2464,-0.5610,-0.0524
2.4,10,0.3,0.4,9,12,-0.0059,120,0.2231,0.2172,-0.4333,-0.0249
2.4,8,0.7,0.2,9,12,-0.0064,153,0.0750,0.0686,-0.2986,-0.0002
2.1,8,0.4,0.4,9,12,-0.0077,152,0.2147,0.2071,-0.4129,-0.0285
2.4,10,0.5,0.2,9,12,-0.0098,158,0.0055,-0.0043,-0.2204,-0.1252
2.1,8,0.5,0.35,9,12,-0.0139,157,0.2293,0.2153,-0.4388,-0.0163
2.4,12,0.3,0.3,9,12,-0.0142,129,-0.1485,-0.1627,-0.2418,-0.1731
2.4,8,0.5,0.3,9,12,-0.0153,150,0.1105,0.0952,-0.3922,-0.0004
1.5,8,0.3,0.2,9,12,-0.0165,116,-0.1971,-0.2136,-0.3034,-0.2390
2.1,8,0.3,0.4,9,12,-0.0171,126,0.2177,0.2007,-0.4051,-0.0156
2.4,10,0.4,0.35,9,12,-0.0183,121,0.2384,0.2201,-0.4469,-0.0139
1.8,8,0.5,0.2,9,12,-0.0195,152,0.2548,0.2353,-0.5746,-0.0496
2.1,8,0.4,0.2,9,12,-0.0227,169,-0.0292,-0.0519,-0.1915,-0.1657
1.8,10,0.3,0.2,9,12,-0.0241,113,-0.1638,-0.1879,-0.2245,-0.2100
2.1,8,0.5,0.2,9,12,-0.0243,167,0.1218,0.0975,-0.3490,-0.1549
2.4,8,0.5,0.4,9,12,-0.0245,20,0.1970,0.1725,-0.4022,-0.0037
2.1,8,0.6,0.3,9,12,-0.0251,91,0.2363,0.2112,-0.4590,-0.0100
2.1,10,0.3,0.3,9,12,-0.0256,138,-0.1399,-0.1656,-0.2430,-0.1731
2.4,10,0.7,0.25,9,12,-0.0266,153,0.2497,0.2231,-0.5170,-0.0110
2.1,8,0.3,0.2,9,12,-0.0272,170,-0.0215,-0.0487,-0.1849,-0.1530
2.1,8,0.4,0.35,9,12,-0.0304,134,0.2301,0.1997,-0.4333,-0.0088
2.1,8,0.3,0.25,9,12,-0.0327,167,-0.0189,-0.0516,-0.1715,-0.1460
2.4,10,0.5,0.3,9,12,-0.0334,126,0.2465,0.2131,-0.4635,-0.0087
2.4,8,0.4,0.4,9,12,-0.0358,147,0.1862,0.1504,-0.4016,-0.0020
2.1,8,0.7,0.25,9,12,-0.0396,20,0.2385,0.1989,-0.4741,-0.0067
2.4,8,0.4,0.35,9,12,-0.0404,149,0.1527,0.1123,-0.4109,-0.0007
2.4,8,0.3,0.4,9,12,-0.0424,127,0.1725,0.1301,-0.3987,-0.0012
2.4,8,0.7,0.25,9,12,-0.0426,131,0.1398,0.0972,-0.4056,-0.0004
2.4,8,0.5,0.35,9,12,-0.0441,149,0.1773,0.1332,-0.4221,-0.0011
2.1,8,0.5,0.3,9,12,-0.0448,136,0.2352,0.1904,-0.4543,-0.0055
2.4,8,0.6,0.3,9,12,-0.0463,149,0.1603,0.1140,-0.4237,-0.0006
2.4,10,0.6,0.25,9,12,-0.0491,128,0.2498,0.2006,-0.4766,-0.0061
2.1,8,0.3,0.35,9,12,-0.0502,122,0.2140,0.1638,-0.4290,-0.0057
2.4,10,0.4,0.3,9,12,-0.0529,157,0.2496,0.1967,-0.4607,-0.0038
2.4,12,0.3,0.25,9,12,-0.0544,138,-0.0676,-0.1221,-0.2787,-0.1915
2.4,10,0.3,0.3,9,12,-0.0561,157,-0.1311,-0.1872,-0.2752,-0.1770
2.1,8,0.6,0.25,9,12,-0.0582,139,0.2351,0.1769,-0.4691,-0.0038
2.1,8,0.4,0.3,9,12,-0.0600,124,0.2324,0.1725,-0.4518,-0.0031
1.8,10,0.3,0.25,9,12,-0.0629,110,-0.1467,-0.2097,-0.2571,-0.2740
2.4,10,0.7,0.2,9,12,-0.0639,130,0.2503,0.1864,-0.4859,-0.0046
2.4,10,0.4,0.25,9,12,-0.0651,158,-0.1130,-0.1781,-0.2768,-0.1732
2.1,8,0.7,0.2,9,12,-0.0686,142,0.2316,0.1630,-0.4793,-0.0028
2.4,10,0.5,0.25,9,12,-0.0701,130,0.2498,0.1797,-0.4720,-0.0031
2.1,8,0.5,0.25,9,12,-0.0707,143,0.2288,0.1581,-0.4674,-0.0022
2.1,8,0.6,0.2,9,12,-0.0760,145,0.2213,0.1454,-0.4778,-0.0017
2.4,10,0.6,0.2,9,12,-0.0829,132,0.2478,0.1649,-0.4819,-0.0025
1.8,8,0.3,0.2,9,12,-0.1019,152,-0.0805,-0.1824,-0.3254,-0.2906
2.4,10,0.3,0.2,9,12,-0.1248,159,-0.1928,-0.3177,-0.2285,-0.3444
2.4,10,0.3,0.25,9,12,-0.1660,158,-0.0295,-0.1954,-0.2249,-0.2687
2.4,10,0.4,0.2,9,12,-0.1714,158,-0.0241,-0.1955,-0.1987,-0.2557
1.8,16,0.4,0.2,8,12,0.4065,60,-0.1475,0.2589,-0.1135,0.0824
1.8,14,0.4,0.2,8,12,0.2520,77,-0.0787,0.1734,-0.0363,0.1096
1.5,14,0.3,0.25,8,12,0.2317,57,-0.0494,0.1823,-0.1532,-0.0032
2.1,8,0.4,0.25,8,12,0.0514,167,-0.0019,0.0494,-0.1975,-0.1687
1.8,10,0.3,0.3,8,12,0.0161,107,0.1523,0.1684,-0.4078,-0.1583
2.4,10,0.3,0.35,8,12,-0.0055,153,-0.0927,-0.0982,-0.3184,-0.2731
1.8,8,0.3,0.3,8,12,-0.0263,150,-0.1149,-0.1412,-0.3234,-0.2662
2.4,12,0.4,0.25,8,12,-0.0387,137,-0.1453,-0.1841,-0.2636,-0.1801
1.5,8,0.4,0.2,8,12,-0.0488,115,0.2236,0.1748,-0.3111,-0.2588
2.1,12,0.3,0.25,8,12,-0.0532,110,-0.0311,-0.0843,-0.0533,-0.1189
1.8,10,0.4,0.2,8,12,-0.0577,112,-0.0878,-0.1455,-0.1808,-0.2717
2.1,10,0.3,0.2,8,12,-0.0713,148,-0.0335,-0.1048,-0.3151,-0.1847
1.8,8,0.3,0.25,8,12,-0.0740,151,-0.1290,-0.2029,-0.3082,-0.2019
2.4,12,0.3,0.2,8,12,-0.0762,141,-0.1297,-0.2059,-0.2794,-0.2844
1.5,8,0.3,0.25,8,12,-0.0922,111,-0.1447,-0.2368,-0.3063,-0.2876
2.4,12,0.4,0.2,8,12,-0.0968,129,-0.0272,-0.1240,-0.3068,-0.1951
2.1,10,0.3,0.25,8,12,-0.1317,145,-0.0544,-0.1862,-0.2890,-0.2042
2.4,8,0.3,0.2,8,12,-0.1385,179,-0.1198,-0.2583,-0.2883,-0.2565
2.1,10,0.4,0.2,8,12,-0.1604,147,-0.0373,-0.1977,-0.3217,-0.2153
2.1,12,0.4,0.2,7,12,0.1428,105,-0.1344,0.0084,-0.1355,-0.1030
2.1,12,0.4,0.25,7,12,0.1345,110,0.1885,0.3230,-0.3386,-0.0946
2.4,16,0.4,0.25,7,12,0.0997,89,-0.0211,0.0785,-0.0646,-0.0263
1.2,12,0.3,0.2,7,12,0.0954,56,0.0609,0.1564,-0.1613,0.0000
2.4,14,0.5,0.2,7,12,0.0947,103,0.1731,0.2678,-0.4729,-0.0697
2.1,14,0.3,0.3,7,12,0.0884,86,0.0012,0.0896,-0.0595,0.0725
2.4,14,0.4,0.2,7,12,0.0576,104,-0.0006,0.0570,-0.0605,-0.0441
1.8,12,0.4,0.2,7,12,0.0222,89,0.0671,0.0893,-0.0955,0.0676
1.8,12,0.3,0.2,7,12,-0.0034,90,-0.0236,-0.0270,0.0237,0.0431
2.4,16,0.3,0.3,7,12,-0.0068,88,-0.0147,-0.0215,0.0479,0.0620
2.1,14,0.3,0.2,7,12,-0.0112,91,-0.0319,-0.0431,0.0345,0.0577
2.1,14,0.3,0.25,7,12,-0.0115,88,-0.0159,-0.0274,0.0377,0.0561
2.4,8,0.3,0.3,7,12,-0.0156,183,-0.1460,-0.1616,-0.1552,-0.0840
1.5,10,0.3,0.2,7,12,-0.0228,89,0.0202,-0.0025,0.0348,0.0323
2.4,14,0.3,0.3,7,12,-0.0231,98,0.0727,0.0497,0.0263,0.0436
1.8,12,0.3,0.25,7,12,-0.0255,85,0.0151,-0.0105,0.0315,0.0427
2.4,14,0.4,0.25,7,12,-0.0263,103,-0.0169,-0.0432,-0.0193,-0.0588
2.4,8,0.4,0.25,7,12,-0.0412,183,-0.1129,-0.1541,-0.1476,-0.0112
2.4,14,0.3,0.2,7,12,-0.0504,111,-0.1648,-0.2152,-0.2169,-0.1718
2.4,8,0.3,0.25,7,12,-0.1367,183,-0.0001,-0.1368,-0.1343,-0.1373
1.5,14,0.4,0.35,6,12,0.2098,20,0.0099,0.2197,-0.1703,0.0000
1.5,16,0.5,0.25,6,12,0.2006,42,0.0203,0.2209,-0.1302,0.0000
1.5,16,0.4,0.3,6,12,0.1993,41,0.0208,0.2201,-0.0974,0.0000
1.5,16,0.6,0.2,6,12,0.1915,40,0.0206,0.2121,-0.1587,0.0000
1.5,16,0.5,0.3,6,12,0.1881,20,0.0290,0.2172,-0.1087,0.0000
1.5,16,0.3,0.35,6,12,0.1848,40,0.0214,0.2062,-0.0784,0.0000
1.5,16,0.3,0.25,6,12,0.1723,37,0.0167,0.1890,-0.0996,0.0000
1.5,14,0.3,0.4,6,12,0.1712,44,0.0113,0.1825,-0.1545,0.0000
1.5,16,0.3,0.3,6,12,0.1708,43,0.0208,0.1916,-0.0895,0.0000
1.2,12,0.6,0.2,6,12,0.1652,20,0.0344,0.1997,-0.2019,0.0000
1.2,12,0.5,0.25,6,12,0.1625,20,0.0309,0.1935,-0.1853,0.0000
1.5,16,0.4,0.25,6,12,0.1605,37,0.0195,0.1800,-0.1123,0.0000
1.2,14,0.5,0.2,6,12,0.1547,32,0.0299,0.1847,-0.1102,0.0000
1.2,12,0.4,0.3,6,12,0.1544,41,0.0269,0.1813,-0.1617,0.0000
1.5,16,0.5,0.2,6,12,0.1505,37,0.0181,0.1686,-0.1417,0.0000
1.2,14,0.4,0.25,6,12,0.1488,34,0.0289,0.1777,-0.0831,0.0000
1.5,16,0.4,0.35,6,12,0.1472,20,0.0329,0.1801,-0.0870,0.0000
1.2,12,0.3,0.3,6,12,0.1440,36,0.0147,0.1587,-0.1485,0.0000
1.2,12,0.3,0.35,6,12,0.1400,30,0.0233,0.1633,-0.1347,0.0000
1.2,12,0.4,0.25,6,12,0.1386,37,0.0164,0.1549,-0.1793,0.0000
1.2,14,0.3,0.3,6,12,0.1345,34,0.0276,0.1620,-0.0684,0.0000
1.5,16,0.4,0.2,6,12,0.1341,47,0.0070,0.1410,-0.1191,0.0000
1.2,16,0.4,0.2,6,12,0.1317,33,0.0264,0.1581,-0.0596,0.0000
1.2,12,0.5,0.2,6,12,0.1308,38,0.0209,0.1517,-0.2102,0.0000
1.2,14,0.3,0.25,6,12,0.1283,35,0.0324,0.1607,-0.0743,0.0000
1.2,14,0.6,0.2,6,12,0.1265,20,0.0459,0.1724,-0.1298,0.0000
1.2,14,0.4,0.2,6,12,0.1258,36,0.0297,0.1555,-0.0996,0.0000
1.2,16,0.5,0.2,6,12,0.1192,29,0.0322,0.1514,-0.0697,0.0000
1.2,14,0.3,0.2,6,12,0.1189,36,0.0347,0.1536,-0.0826,0.0000
1.2,16,0.3,0.2,6,12,0.1178,34,0.0316,0.1494,-0.0603,0.0000
1.2,12,0.3,0.25,6,12,0.1159,37,0.0091,0.1250,-0.1612,0.0000
1.2,14,0.5,0.25,6,12,0.1107,20,0.0462,0.1569,-0.1006,0.0000
1.2,16,0.3,0.25,6,12,0.1100,32,0.0283,0.1383,-0.0455,0.0000
1.2,12,0.4,0.2,6,12,0.1077,38,0.0090,0.1166,-0.1970,0.0000
1.5,16,0.3,0.4,6,12,0.1021,20,0.0383,0.1404,-0.0753,0.0000
1.2,16,0.4,0.25,6,12,0.1004,29,0.0331,0.1335,-0.0451,0.0000
1.2,14,0.4,0.3,6,12,0.0908,20,0.0472,0.1380,-0.0778,0.0000
1.2,10,0.3,0.2,6,12,0.0881,59,0.0164,0.1044,-0.0876,0.0052
1.2,16,0.3,0.3,6,12,0.0773,26,0.0353,0.1125,-0.0271,0.0000
1.2,14,0.3,0.35,6,12,0.0664,30,0.0486,0.1150,-0.0626,0.0000
1.2,16,0.5,0.25,6,12,0.0500,20,0.0594,0.1094,-0.0773,0.0000
1.2,12,0.4,0.35,6,12,0.0475,20,0.0671,0.1146,-0.1373,0.0000
1.2,16,0.4,0.3,6,12,0.0312,20,0.0598,0.0911,-0.0546,0.0000
2.1,16,0.4,0.2,6,12,0.0290,82,0.0236,0.0525,0.1118,0.1108
1.2,12,0.3,0.4,6,12,0.0223,20,0.0678,0.0901,-0.1245,0.0000
1.2,16,0.3,0.35,6,12,0.0100,20,0.0588,0.0688,-0.0506,0.0000
1.2,14,0.4,0.35,6,12,-0.0013,20,0.0762,0.0749,-0.1081,0.0000
1.2,14,0.3,0.4,6,12,-0.0123,20,0.0684,0.0561,-0.0983,0.0000
2.4,14,0.3,0.25,6,12,-0.0131,101,0.0640,0.0509,-0.0423,0.0355
2.4,16,0.3,0.2,6,12,-0.0141,91,-0.1520,-0.1662,-0.1236,-0.0990
1.2,16,0.3,0.4,6,12,-0.0263,20,0.0592,0.0329,-0.0935,0.0000
2.4,8,0.5,0.2,6,12,-0.1233,183,-0.0118,-0.1351,-0.1390,0.0119
1.5,16,0.3,0.2,6,12,-0.1279,55,0.1480,0.0201,0.0332,-0.0067
2.4,8,0.4,0.2,6,12,-0.1413,183,0.0142,-0.1272,-0.1288,-0.1273
1.5,10,0.3,0.25,5,12,0.0721,88,0.0790,0.1511,-0.0882,0.0247
2.1,16,0.3,0.2,5,12,0.0695,82,0.0067,0.0762,0.1212,0.1259
2.4,16,0.3,0.25,5,12,-0.0146,91,-0.0240,-0.0386,0.0497,0.0707
2.4,16,0.4,0.2,5,12,-0.0203,92,-0.0264,-0.0467,0.0655,0.0837
2.1,14,0.4,0.2,5,12,-0.0328,89,-0.0034,-0.0362,0.0524,0.0697
2.1,12,0.3,0.3,5,12,-0.0566,108,0.0365,-0.0201,-0.0079,-0.1286
1.8,16,0.3,0.25,4,12,0.0453,60,0.0770,0.1224,0.0717,0.0679
1.5,14,0.3,0.2,4,12,-0.0150,58,0.0856,0.0706,0.0836,0.0010
1.8,14,0.3,0.2,3,12,0.0679,77,0.0808,0.1487,0.1507,0.1506
2.1,16,0.3,0.25,3,12,0.0425,81,0.0457,0.0882,0.1272,0.1324
1.2,8,0.3,0.2,3,12,-0.1265,87,0.1449,0.0184,-0.0361,0.0448
1.8,14,0.3,0.25,2,12,0.0435,76,0.0816,0.1251,0.0897,0.1373
1.5,12,0.3,0.2,1,12,0.0462,73,0.0963,0.1425,0.1340,0.1379
1.8,16,0.3,0.2,1,12,0.0332,42,0.1173,0.1505,0.1503,0.1513
